epoch,train_loss,val_accuracy
1,1.162096083164215,0.3333333333333333
2,1.0787005424499512,0.6666666666666666
3,1.02347997824351,0.6666666666666666
4,0.9035810629526774,0.6666666666666666
5,0.7269375026226044,1.0
